client_id;prenom;nom;genre;age;email;telephone;ville;pays;date_inscription;segment_client
C0001;Mohamed;Doumbouya;M;59;mohamed.doumbouya29@orange.gn;+224 699 81 63 83;Boké;Guinée;2023-04-16;Standard
C0002;Tiguidanké;Savané;F;33;tiguidanke.savané79@gmail.com;+224 634 46 22 67;Mamou;Guinée;2023-01-03;Premium
C0003;Ramatoulaye;Sow;F;43;ramatoulaye.sow45@outlook.com;+224 668 75 91 19;Kindia;Guinée;2023-09-15;Nouveau
C0004;Kerfala;Kanté;M;36;kerfala.kanté19@orange.gn;+224 659 13 57 56;Kankan;Guinée;2024-04-13;Standard
C0005;Souleymane;Savané;M;49;souleymane.savané55@orange.gn;+224 696 72 60 77;Boké;Guinée;2023-04-30;Standard
C0006;Hawa;Kouyaté;F;51;hawa.kouyaté74@yahoo.fr;+224 636 16 76 95;Boké;Guinée;2023-01-26;Premium
C0007;Léa;Sylla;F;32;lea.sylla81@hotmail.com;+224 680 79 42 81;Mamou;Guinée;2023-05-05;Standard
C0008;Djénabou;Doumbouya;F;48;djenabou.doumbouya56@yahoo.fr;+224 657 44 11 14;Paris;France;2024-02-16;Premium
C0009;Élise;Doumbouya;F;41;elise.doumbouya34@hotmail.com;+224 679 75 73 65;Mamou;Guinée;2023-07-24;Standard
C0010;Omar;Keita;M;47;omar.keita57@orange.gn;+224 653 67 33 64;Labé;Guinée;2023-04-11;Nouveau
C0011;Aissatou;Bangoura;F;41;aissatou.bangoura25@hotmail.com;+224 638 67 11 21;Mamou;Guinée;2023-04-09;Premium
C0012;Sidy;Soumah;M;25;sidy.soumah6@orange.gn;+224 654 95 91 55;Kindia;Guinée;2024-09-27;Standard
C0013;Ramatoulaye;Savané;F;49;ramatoulaye.savané93@yahoo.fr;+224 689 38 70 85;Dakar;Sénégal;2024-12-07;Premium
C0014;Aissatou;Traoré;F;28;aissatou.traoré76@outlook.com;+224 684 62 59 29;Abidjan;Côte d'Ivoire;2023-05-19;Standard
C0015;Souleymane;Diallo;M;42;souleymane.diallo7@outlook.com;+224 665 13 13 75;Conakry;Guinée;2023-03-17;Standard
C0016;Camille;Sow;F;49;camille.sow74@orange.gn;+224 641 29 85 76;Conakry;Guinée;2024-04-22;Standard
C0017;Camille;Fofana;F;61;camille.fofana9@orange.gn;+224 671 14 35 92;Kindia;Guinée;2024-12-28;Nouveau
C0018;Jean;Kanté;M;46;jean.kanté83@yahoo.fr;+224 681 96 12 26;Conakry;Guinée;2025-02-11;Standard
C0019;Julien;Doumbouya;M;28;julien.doumbouya24@hotmail.com;+224 654 64 78 63;Conakry;Guinée;2024-11-08;Nouveau
C0020;Awa;Condé;F;29;awa.condé60@hotmail.com;+224 673 46 69 32;Labé;Guinée;2023-09-27;Standard
C0021;Camille;Camara;F;51;camille.camara13@yahoo.fr;+224 649 10 21 68;Boké;Guinée;2023-10-08;Standard
C0022;Djénabou;Condé;F;40;djenabou.condé46@orange.gn;+224 693 78 37 24;Conakry;Guinée;2023-06-10;Standard
C0023;Djénabou;Savané;F;31;djenabou.savané38@orange.gn;+224 654 95 81 26;Paris;France;2024-08-06;Premium
C0024;Kadiatou;Traoré;F;24;kadiatou.traoré8@outlook.com;+224 643 92 90 23;Conakry;Guinée;2024-12-01;Standard
C0025;Hawa;Bah;F;38;hawa.bah34@outlook.com;+224 628 11 62 42;Kankan;Guinée;2023-06-15;Standard
C0026;Ibrahima;Camara;M;19;ibrahima.camara16@gmail.com;+224 691 83 54 50;Kindia;Guinée;2023-11-14;Nouveau
C0027;Lamine;Diakité;M;56;lamine.diakité77@hotmail.com;+224 674 96 25 97;Labé;Guinée;2023-08-09;Standard
C0028;Claire;Keita;F;21;claire.keita92@hotmail.com;+224 623 46 98 52;Labé;Guinée;2025-01-23;Standard
C0029;Thierno;Traoré;M;55;thierno.traoré70@outlook.com;+224 645 81 17 24;Labé;Guinée;2023-01-21;Standard
C0030;Abdoulaye;Barry;M;51;abdoulaye.barry77@outlook.com;+224 623 64 84 26;Conakry;Guinée;2023-12-29;Standard
C0031;Claire;Touré;F;60;claire.touré17@yahoo.fr;+224 689 13 94 79;Nzérékoré;Guinée;2023-08-13;Standard
C0032;Nènè;Bangoura;F;32;nene.bangoura3@outlook.com;+224 689 71 63 43;Conakry;Guinée;2023-01-24;Nouveau
C0033;Jean;Savané;M;29;jean.savané5@orange.gn;+224 653 53 91 76;Conakry;Guinée;2024-07-20;Nouveau
C0034;Mariama;Diallo;F;33;mariama.diallo8@yahoo.fr;+224 685 29 61 56;Abidjan;Côte d'Ivoire;2024-04-26;Nouveau
C0035;Kerfala;Bangoura;M;30;kerfala.bangoura46@hotmail.com;+224 678 80 70 96;Labé;Guinée;2024-01-19;Standard
C0036;Amadou;Traoré;M;49;amadou.traoré46@orange.gn;+224 672 14 91 32;Conakry;Guinée;2023-01-06;Premium
C0037;Djénabou;Bangoura;F;24;djenabou.bangoura69@yahoo.fr;+224 694 49 83 15;Conakry;Guinée;2023-01-19;Nouveau
C0038;Djénabou;Doumbouya;F;60;djenabou.doumbouya66@gmail.com;+224 630 28 59 52;Abidjan;Côte d'Ivoire;2023-06-11;Standard
C0039;Mariama;Savané;F;30;mariama.savané38@outlook.com;+224 689 46 55 27;Abidjan;Côte d'Ivoire;2023-06-16;Nouveau
C0040;François;Diallo;M;59;françois.diallo55@outlook.com;+224 688 31 76 13;Dakar;Sénégal;2024-05-06;Standard
C0041;Amadou;Diallo;M;50;amadou.diallo91@gmail.com;+224 667 18 57 48;Conakry;Guinée;2024-11-14;Standard
C0042;Sidy;Fofana;M;26;sidy.fofana42@hotmail.com;+224 633 19 58 43;Kindia;Guinée;2023-04-19;Standard
C0043;Aliou;Kouyaté;M;25;aliou.kouyaté67@yahoo.fr;+224 665 97 68 84;Mamou;Guinée;2024-07-22;Standard
C0044;David;Bah;M;37;david.bah97@yahoo.fr;+224 641 51 65 74;Mamou;Guinée;2023-09-29;Standard
C0045;Catherine;Kouyaté;F;38;catherine.kouyaté26@hotmail.com;+224 648 98 54 54;Nzérékoré;Guinée;2023-06-30;Standard
C0046;Fanta;Sylla;F;54;fanta.sylla95@yahoo.fr;+224 675 44 52 25;Mamou;Guinée;2024-11-03;Standard
C0047;Oumou;Sylla;F;58;oumou.sylla30@outlook.com;+224 638 81 25 44;Boké;Guinée;2023-10-02;Standard
C0048;Djeneba;Diakité;F;19;djeneba.diakité92@outlook.com;+224 672 53 22 96;Nzérékoré;Guinée;2024-07-16;Nouveau
C0049;Catherine;Kanté;F;31;catherine.kanté46@outlook.com;+224 627 61 32 11;Boké;Guinée;2024-03-10;Standard
C0050;Aminata;Sow;F;59;aminata.sow54@hotmail.com;+224 681 53 11 14;Dakar;Sénégal;2024-09-18;Nouveau
C0051;Pierre;Bangoura;M;19;pierre.bangoura27@hotmail.com;+224 685 45 89 90;Labé;Guinée;2025-03-09;Standard
C0052;Kerfala;Diallo;M;27;kerfala.diallo29@hotmail.com;+224 646 87 96 31;Conakry;Guinée;2023-12-04;Nouveau
C0053;Aboubacar;Traoré;M;51;aboubacar.traoré76@orange.gn;+224 637 23 13 44;Paris;France;2024-11-28;Nouveau
C0054;Amadou;Kanté;M;50;amadou.kanté61@outlook.com;+224 663 54 50 87;Paris;France;2023-08-25;Standard
C0055;Nènè;Sow;F;20;nene.sow63@yahoo.fr;+224 622 71 56 42;Kankan;Guinée;2024-10-21;Nouveau
C0056;Fanta;Baldé;F;50;fanta.baldé52@outlook.com;+224 647 84 16 62;Kankan;Guinée;2025-01-19;Nouveau
C0057;Léa;Fofana;F;50;lea.fofana77@outlook.com;+224 682 50 94 53;Conakry;Guinée;2024-06-18;Standard
C0058;Kerfala;Condé;M;51;kerfala.condé50@gmail.com;+224 697 37 13 69;Kankan;Guinée;2024-06-17;Standard
C0059;Coumba;Doumbouya;F;50;coumba.doumbouya35@hotmail.com;+224 637 81 96 51;Conakry;Guinée;2023-08-05;Standard
C0060;Djénabou;Fofana;F;52;djenabou.fofana20@orange.gn;+224 690 29 28 26;Paris;France;2023-07-13;Nouveau
C0061;Julien;Barry;M;37;julien.barry18@outlook.com;+224 689 98 55 26;Kankan;Guinée;2023-07-03;Standard
C0062;Paul;Barry;M;61;paul.barry53@orange.gn;+224 682 79 13 48;Conakry;Guinée;2023-06-07;Standard
C0063;Nènè;Kanté;F;47;nene.kanté96@hotmail.com;+224 639 51 28 75;Conakry;Guinée;2024-11-27;Premium
C0064;Ibrahima;Camara;M;55;ibrahima.camara90@outlook.com;+224 662 13 30 74;Labé;Guinée;2024-12-22;Standard
C0065;Cheick;Traoré;M;28;cheick.traoré29@hotmail.com;+224 647 57 30 78;Kindia;Guinée;2023-09-04;Nouveau
C0066;Yarie;Traoré;F;41;yarie.traoré27@outlook.com;+224 676 81 87 71;Mamou;Guinée;2024-12-22;Premium
C0067;François;Soumah;M;23;françois.soumah92@orange.gn;+224 640 24 32 36;Conakry;Guinée;2023-12-29;Standard
C0068;Tidiane;Traoré;M;53;tidiane.traoré83@outlook.com;+224 656 56 60 11;Conakry;Guinée;2023-05-29;Standard
C0069;Nènè;Bangoura;F;49;nene.bangoura14@yahoo.fr;+224 691 38 55 68;Labé;Guinée;2023-05-22;Standard
C0070;Lamine;Kanté;M;34;lamine.kanté11@hotmail.com;+224 679 54 79 77;Labé;Guinée;2024-11-29;Nouveau
C0071;Omar;Bangoura;M;20;omar.bangoura76@gmail.com;+224 628 77 67 82;Kankan;Guinée;2023-03-24;Premium
C0072;Saran;Kouyaté;F;19;saran.kouyaté41@yahoo.fr;+224 623 23 60 21;Boké;Guinée;2023-06-06;Standard
C0073;Fatoumata;Barry;F;22;fatoumata.barry78@orange.gn;+224 635 52 29 49;Paris;France;2025-02-09;Nouveau
C0074;Mohamed;Cissé;M;33;mohamed.cissé31@orange.gn;+224 660 63 15 72;Paris;France;2024-02-14;Standard
C0075;Fodé;Soumah;M;55;fode.soumah76@hotmail.com;+224 681 77 12 73;Conakry;Guinée;2024-05-02;Nouveau
C0076;Yarie;Barry;F;47;yarie.barry38@yahoo.fr;+224 686 50 44 65;Boké;Guinée;2023-05-24;Nouveau
C0077;Aliou;Fofana;M;28;aliou.fofana16@orange.gn;+224 667 37 85 19;Boké;Guinée;2024-06-27;Standard
C0078;Claire;Camara;F;44;claire.camara1@yahoo.fr;+224 645 16 43 31;Conakry;Guinée;2024-02-15;Standard
C0079;Aissatou;Bangoura;F;20;aissatou.bangoura91@orange.gn;+224 634 67 80 95;Conakry;Guinée;2023-08-12;Premium
C0080;Aurélie;Doumbouya;F;20;aurelie.doumbouya84@hotmail.com;+224 626 47 21 31;Abidjan;Côte d'Ivoire;2023-07-14;Standard
C0081;Fanta;Diallo;F;57;fanta.diallo6@hotmail.com;+224 653 19 99 79;Kankan;Guinée;2024-10-23;Standard
C0082;Lansana;Barry;M;40;lansana.barry69@hotmail.com;+224 679 21 41 14;Boké;Guinée;2023-08-22;Premium
C0083;Djénabou;Bah;F;61;djenabou.bah23@yahoo.fr;+224 650 31 81 35;Mamou;Guinée;2024-09-29;Standard
C0084;Claire;Bangoura;F;59;claire.bangoura60@gmail.com;+224 622 54 19 26;Abidjan;Côte d'Ivoire;2023-06-22;Nouveau
C0085;Omar;Kouyaté;M;27;omar.kouyaté42@yahoo.fr;+224 683 80 24 27;Paris;France;2024-12-04;Premium
C0086;Aissatou;Kouyaté;F;44;aissatou.kouyaté73@outlook.com;+224 685 55 20 97;Abidjan;Côte d'Ivoire;2024-11-17;Standard
C0087;Binta;Camara;F;33;binta.camara77@orange.gn;+224 692 32 49 78;Nzérékoré;Guinée;2023-11-08;Premium
C0088;Mohamed;Condé;M;47;mohamed.condé13@yahoo.fr;+224 680 30 87 74;Paris;France;2024-08-27;Nouveau
C0089;Kadiatou;Bah;F;18;kadiatou.bah68@outlook.com;+224 638 62 42 12;Conakry;Guinée;2024-09-19;Standard
C0090;Aminata;Diakité;F;58;aminata.diakité57@orange.gn;+224 635 22 39 51;Abidjan;Côte d'Ivoire;2023-01-06;Standard
C0091;Youssouf;Diakité;M;46;youssouf.diakité57@outlook.com;+224 652 67 89 62;Kankan;Guinée;2025-02-26;Standard
C0092;Aurélie;Condé;F;57;aurelie.condé4@yahoo.fr;+224 647 99 47 61;Conakry;Guinée;2024-07-15;Standard
C0093;Hadja;Camara;F;42;hadja.camara77@outlook.com;+224 688 60 36 88;Kindia;Guinée;2023-05-12;Standard
C0094;Mabinty;Bangoura;F;46;mabinty.bangoura23@orange.gn;+224 658 14 89 35;Labé;Guinée;2023-09-06;Standard
C0095;Ramatoulaye;Savané;F;46;ramatoulaye.savané82@hotmail.com;+224 627 88 49 14;Conakry;Guinée;2024-01-20;Nouveau
C0096;Djénabou;Keita;F;32;djenabou.keita81@orange.gn;+224 685 46 95 88;Nzérékoré;Guinée;2024-12-08;Standard
C0097;Tiguidanké;Diakité;F;32;tiguidanke.diakité54@orange.gn;+224 674 59 89 56;Boké;Guinée;2023-01-14;Nouveau
C0098;Kerfala;Savané;M;40;kerfala.savané4@gmail.com;+224 650 37 32 72;Nzérékoré;Guinée;2025-01-30;Standard
C0099;Aurélie;Condé;F;50;aurelie.condé48@gmail.com;+224 689 20 22 24;Nzérékoré;Guinée;2023-07-14;Standard
C0100;Fodé;Fofana;M;58;fode.fofana81@gmail.com;+224 673 40 51 49;Labé;Guinée;2024-06-12;Nouveau
C0101;Tidiane;Bah;M;60;tidiane.bah59@hotmail.com;+224 632 92 23 34;Labé;Guinée;2023-06-04;Nouveau
C0102;Marie;Fofana;F;25;marie.fofana45@yahoo.fr;+224 639 66 69 22;Conakry;Guinée;2023-03-30;Nouveau
C0103;Tiguidanké;Sylla;F;19;tiguidanke.sylla60@hotmail.com;+224 628 66 73 17;Conakry;Guinée;2024-12-03;Standard
C0104;Yarie;Camara;F;44;yarie.camara55@gmail.com;+224 652 79 77 41;Conakry;Guinée;2023-07-05;Standard
C0105;Hadja;Diallo;F;56;hadja.diallo40@outlook.com;+224 675 23 98 38;Conakry;Guinée;2024-09-12;Standard
C0106;Cheick;Bah;M;57;cheick.bah41@hotmail.com;+224 698 84 49 39;Dakar;Sénégal;2023-09-28;Nouveau
C0107;Naby;Traoré;M;20;naby.traoré79@outlook.com;+224 687 68 47 62;Kankan;Guinée;2024-07-22;Nouveau
C0108;Fanta;Savané;F;28;fanta.savané67@outlook.com;+224 653 49 24 87;Mamou;Guinée;2024-01-02;Standard
C0109;Sidy;Fofana;M;62;sidy.fofana94@gmail.com;+224 663 61 92 64;Labé;Guinée;2023-11-22;Standard
C0110;Ramatoulaye;Camara;F;45;ramatoulaye.camara88@hotmail.com;+224 694 51 82 58;Labé;Guinée;2025-02-12;Standard
C0111;Claire;Baldé;F;48;claire.baldé47@hotmail.com;+224 679 15 87 12;Kankan;Guinée;2023-01-11;Nouveau
C0112;Djénabou;Kanté;F;25;djenabou.kanté43@hotmail.com;+224 653 59 48 42;Conakry;Guinée;2025-02-27;Premium
C0113;Ibrahima;Bah;M;29;ibrahima.bah91@outlook.com;+224 699 79 68 23;Kindia;Guinée;2023-02-20;Standard
C0114;Thierno;Sylla;M;44;thierno.sylla15@gmail.com;+224 633 19 85 59;Conakry;Guinée;2023-08-23;Premium
C0115;Aurélie;Kanté;F;19;aurelie.kanté99@outlook.com;+224 672 57 81 96;Paris;France;2025-02-13;Nouveau
C0116;Fanta;Barry;F;37;fanta.barry35@orange.gn;+224 641 87 60 16;Nzérékoré;Guinée;2023-06-03;Premium
C0117;Aurélie;Kouyaté;F;58;aurelie.kouyaté19@gmail.com;+224 656 22 26 65;Mamou;Guinée;2024-10-13;Standard
C0118;Coumba;Fofana;F;31;coumba.fofana21@outlook.com;+224 623 23 34 69;Conakry;Guinée;2023-11-26;Standard
C0119;Claire;Bah;F;41;claire.bah86@gmail.com;+224 655 80 38 34;Conakry;Guinée;2024-08-13;Standard
C0120;Thierno;Kanté;M;25;thierno.kanté10@yahoo.fr;+224 679 81 54 27;Boké;Guinée;2024-07-10;Standard
C0121;Kerfala;Bangoura;M;25;kerfala.bangoura33@orange.gn;+224 680 56 34 34;Abidjan;Côte d'Ivoire;2024-02-04;Nouveau
C0122;Léa;Bah;F;56;lea.bah80@outlook.com;+224 688 16 81 54;Abidjan;Côte d'Ivoire;2023-05-19;Nouveau
C0123;François;Bangoura;M;58;françois.bangoura40@yahoo.fr;+224 654 68 60 23;Mamou;Guinée;2023-02-04;Standard
C0124;Sékou;Traoré;M;48;sekou.traoré37@outlook.com;+224 636 99 16 18;Conakry;Guinée;2023-11-20;Standard
C0125;Aissatou;Soumah;F;30;aissatou.soumah2@gmail.com;+224 660 35 13 90;Abidjan;Côte d'Ivoire;2024-07-07;Nouveau
C0126;Sékou;Kouyaté;M;44;sekou.kouyaté43@orange.gn;+224 698 38 15 55;Boké;Guinée;2024-11-30;Nouveau
C0127;Catherine;Kouyaté;F;45;catherine.kouyaté81@outlook.com;+224 666 35 79 42;Paris;France;2023-03-05;Standard
C0128;Élise;Diakité;F;23;elise.diakité83@gmail.com;+224 675 69 97 16;Boké;Guinée;2024-10-13;Standard
C0129;Lansana;Sylla;M;48;lansana.sylla16@outlook.com;+224 635 43 25 41;Abidjan;Côte d'Ivoire;2024-02-18;Standard
C0130;Sékou;Soumah;M;61;sekou.soumah16@gmail.com;+224 687 70 54 32;Mamou;Guinée;2023-01-10;Standard
C0131;Omar;Soumah;M;56;omar.soumah23@outlook.com;+224 675 46 64 65;Paris;France;2023-11-05;Standard
C0132;Ousmane;Diakité;M;41;ousmane.diakité78@orange.gn;+224 696 83 72 43;Nzérékoré;Guinée;2023-08-09;Nouveau
C0133;François;Sow;M;23;françois.sow95@outlook.com;+224 643 20 68 32;Boké;Guinée;2023-07-19;Standard
C0134;Lamine;Keita;M;44;lamine.keita59@gmail.com;+224 655 47 98 21;Dakar;Sénégal;2024-04-22;Standard
C0135;Aurélie;Cissé;F;62;aurelie.cissé98@hotmail.com;+224 687 75 65 50;Labé;Guinée;2023-03-10;Standard
C0136;Paul;Bangoura;M;21;paul.bangoura17@yahoo.fr;+224 661 83 50 38;Conakry;Guinée;2024-06-18;Standard
C0137;Fatoumata;Keita;F;54;fatoumata.keita62@outlook.com;+224 678 76 19 80;Conakry;Guinée;2023-10-08;Premium
C0138;Claire;Diallo;F;43;claire.diallo80@outlook.com;+224 671 81 98 10;Conakry;Guinée;2023-04-06;Nouveau
C0139;Ousmane;Barry;M;20;ousmane.barry41@yahoo.fr;+224 622 12 72 16;Conakry;Guinée;2024-10-03;Nouveau
C0140;Fodé;Barry;M;56;fode.barry64@yahoo.fr;+224 648 14 57 67;Kindia;Guinée;2023-06-09;Premium
C0141;Thierno;Doumbouya;M;48;thierno.doumbouya89@orange.gn;+224 632 63 61 19;Boké;Guinée;2024-04-04;Nouveau
C0142;Claire;Touré;F;23;claire.touré1@yahoo.fr;+224 623 41 75 40;Labé;Guinée;2023-03-24;Nouveau
C0143;Youssouf;Keita;M;58;youssouf.keita1@gmail.com;+224 659 31 59 35;Conakry;Guinée;2023-07-31;Nouveau
C0144;Tidiane;Traoré;M;24;tidiane.traoré45@yahoo.fr;+224 695 41 15 20;Mamou;Guinée;2023-12-12;Nouveau
C0145;Cheick;Cissé;M;50;cheick.cissé12@yahoo.fr;+224 697 67 70 12;Conakry;Guinée;2024-12-22;Nouveau
C0146;Saran;Condé;F;57;saran.condé27@orange.gn;+224 685 18 34 35;Dakar;Sénégal;2023-06-23;Standard
C0147;Lansana;Camara;M;44;lansana.camara48@orange.gn;+224 635 27 84 86;Boké;Guinée;2023-05-06;Standard
C0148;Léa;Diallo;F;43;lea.diallo44@outlook.com;+224 653 79 50 17;Abidjan;Côte d'Ivoire;2024-04-27;Standard
C0149;Omar;Sow;M;43;omar.sow54@orange.gn;+224 638 50 84 69;Conakry;Guinée;2024-05-25;Standard
C0150;Moussa;Bangoura;M;47;moussa.bangoura88@yahoo.fr;+224 668 43 38 62;Conakry;Guinée;2024-12-01;Standard
C0151;Naby;Condé;M;19;naby.condé79@yahoo.fr;+224 621 77 27 49;Dakar;Sénégal;2024-11-05;Standard
C0152;Mamadou;Keita;M;43;mamadou.keita67@yahoo.fr;+224 679 98 13 97;Conakry;Guinée;2023-06-17;Nouveau
C0153;Mariama;Diakité;F;59;mariama.diakité70@orange.gn;+224 695 95 81 67;Conakry;Guinée;2023-05-03;Premium
C0154;Mohamed;Camara;M;52;mohamed.camara14@yahoo.fr;+224 649 90 28 53;Mamou;Guinée;2023-02-25;Nouveau
C0155;Hawa;Baldé;F;45;hawa.baldé25@hotmail.com;+224 687 27 69 60;Paris;France;2025-01-16;Standard
C0156;Abdoulaye;Savané;M;58;abdoulaye.savané23@gmail.com;+224 644 77 54 61;Nzérékoré;Guinée;2023-04-22;Premium
C0157;Mamadou;Condé;M;31;mamadou.condé52@orange.gn;+224 670 86 52 36;Conakry;Guinée;2024-07-10;Standard
C0158;Lansana;Keita;M;38;lansana.keita5@gmail.com;+224 645 56 25 16;Nzérékoré;Guinée;2023-11-25;Nouveau
C0159;Cheick;Soumah;M;49;cheick.soumah93@hotmail.com;+224 629 92 25 31;Paris;France;2023-03-14;Nouveau
C0160;Binta;Touré;F;41;binta.touré54@outlook.com;+224 690 56 14 86;Abidjan;Côte d'Ivoire;2023-03-16;Nouveau
C0161;Djénabou;Diallo;F;38;djenabou.diallo28@gmail.com;+224 669 19 15 34;Conakry;Guinée;2023-09-17;Nouveau
C0162;Moussa;Condé;M;18;moussa.condé14@outlook.com;+224 640 10 57 25;Labé;Guinée;2023-06-10;Premium
C0163;Sidy;Bangoura;M;50;sidy.bangoura37@gmail.com;+224 692 12 77 27;Conakry;Guinée;2023-08-05;Nouveau
C0164;Yarie;Bah;F;41;yarie.bah94@gmail.com;+224 636 33 32 37;Kindia;Guinée;2023-05-16;Nouveau
C0165;Fanta;Kouyaté;F;47;fanta.kouyaté51@gmail.com;+224 657 11 56 49;Boké;Guinée;2024-05-12;Nouveau
C0166;Aurélie;Diakité;F;62;aurelie.diakité37@yahoo.fr;+224 652 27 67 65;Boké;Guinée;2023-11-29;Standard
C0167;Jean;Condé;M;58;jean.condé40@outlook.com;+224 676 61 61 15;Dakar;Sénégal;2024-05-16;Standard
C0168;Aissatou;Touré;F;32;aissatou.touré93@gmail.com;+224 666 53 12 46;Dakar;Sénégal;2024-02-05;Standard
C0169;Camille;Diallo;F;44;camille.diallo44@hotmail.com;+224 653 99 38 39;Dakar;Sénégal;2023-02-19;Standard
C0170;Catherine;Fofana;F;42;catherine.fofana62@hotmail.com;+224 633 11 89 86;Conakry;Guinée;2024-07-10;Standard
C0171;Awa;Diakité;F;37;awa.diakité32@hotmail.com;+224 642 13 50 63;Dakar;Sénégal;2023-02-15;Standard
C0172;Omar;Traoré;M;61;omar.traoré62@outlook.com;+224 669 74 85 58;Nzérékoré;Guinée;2023-01-05;Standard
C0173;Yarie;Keita;F;21;yarie.keita72@orange.gn;+224 642 15 94 41;Boké;Guinée;2024-05-26;Standard
C0174;Julien;Condé;M;55;julien.condé69@hotmail.com;+224 672 83 52 41;Conakry;Guinée;2024-10-03;Nouveau
C0175;Aissatou;Camara;F;19;aissatou.camara73@orange.gn;+224 696 73 62 95;Conakry;Guinée;2025-03-08;Premium
C0176;David;Doumbouya;M;28;david.doumbouya64@gmail.com;+224 631 90 64 88;Conakry;Guinée;2023-01-13;Premium
C0177;Awa;Condé;F;51;awa.condé7@hotmail.com;+224 639 45 44 37;Mamou;Guinée;2023-05-27;Premium
C0178;Tiguidanké;Cissé;F;45;tiguidanke.cissé35@yahoo.fr;+224 641 90 36 24;Kankan;Guinée;2024-01-30;Standard
C0179;Nènè;Cissé;F;56;nene.cissé11@outlook.com;+224 631 99 57 37;Mamou;Guinée;2023-06-12;Nouveau
C0180;Awa;Cissé;F;56;awa.cissé51@hotmail.com;+224 637 92 54 32;Abidjan;Côte d'Ivoire;2024-11-04;Premium
C0181;Julien;Soumah;M;28;julien.soumah17@hotmail.com;+224 670 75 63 85;Kindia;Guinée;2023-03-16;Standard
C0182;Fodé;Bah;M;51;fode.bah99@gmail.com;+224 642 82 44 72;Kindia;Guinée;2023-07-13;Premium
C0183;Tidiane;Sylla;M;57;tidiane.sylla20@orange.gn;+224 643 17 72 47;Abidjan;Côte d'Ivoire;2024-01-18;Standard
C0184;Marie;Kouyaté;F;50;marie.kouyaté61@gmail.com;+224 682 99 61 37;Dakar;Sénégal;2023-07-13;Standard
C0185;Cheick;Barry;M;45;cheick.barry34@outlook.com;+224 620 19 19 47;Paris;France;2025-01-06;Standard
C0186;Nathalie;Barry;F;45;nathalie.barry82@orange.gn;+224 656 52 15 13;Dakar;Sénégal;2024-01-05;Standard
C0187;Mabinty;Doumbouya;F;25;mabinty.doumbouya70@gmail.com;+224 620 24 36 40;Labé;Guinée;2023-10-19;Premium
C0188;Nathalie;Barry;F;61;nathalie.barry71@yahoo.fr;+224 679 75 19 87;Kankan;Guinée;2023-01-30;Standard
C0189;Aissatou;Diallo;F;21;aissatou.diallo74@outlook.com;+224 656 43 49 58;Conakry;Guinée;2023-04-28;Premium
C0190;Aliou;Kouyaté;M;60;aliou.kouyaté80@yahoo.fr;+224 628 16 95 31;Labé;Guinée;2023-09-11;Standard
C0191;Youssouf;Fofana;M;59;youssouf.fofana71@orange.gn;+224 699 17 46 84;Conakry;Guinée;2023-03-09;Standard
C0192;Tidiane;Bah;M;29;tidiane.bah63@yahoo.fr;+224 647 92 58 92;Kankan;Guinée;2023-08-15;Standard
C0193;Hawa;Sow;F;44;hawa.sow42@outlook.com;+224 638 44 69 48;Conakry;Guinée;2024-06-21;Standard
C0194;Mohamed;Savané;M;56;mohamed.savané6@hotmail.com;+224 667 56 76 55;Kankan;Guinée;2024-05-28;Nouveau
C0195;David;Sow;M;52;david.sow42@hotmail.com;+224 629 76 63 37;Conakry;Guinée;2023-10-06;Standard
C0196;Claire;Bah;F;41;claire.bah47@gmail.com;+224 672 84 99 46;Kindia;Guinée;2024-05-21;Standard
C0197;Djeneba;Fofana;F;60;djeneba.fofana83@outlook.com;+224 646 41 19 69;Boké;Guinée;2023-05-04;Standard
C0198;Lamine;Bangoura;M;62;lamine.bangoura63@outlook.com;+224 678 67 66 59;Kindia;Guinée;2023-01-29;Standard
C0199;Djeneba;Savané;F;52;djeneba.savané40@outlook.com;+224 629 76 65 18;Conakry;Guinée;2023-01-12;Nouveau
C0200;Jean;Bangoura;M;45;jean.bangoura82@outlook.com;+224 674 39 23 44;Conakry;Guinée;2024-09-21;Standard
C0201;Oumou;Diakité;F;50;oumou.diakité94@hotmail.com;+224 664 58 66 78;Conakry;Guinée;2023-03-03;Premium
C0202;Aminata;Bangoura;F;42;aminata.bangoura38@gmail.com;+224 641 28 11 33;Paris;France;2024-02-14;Standard
C0203;Djénabou;Sow;F;60;djenabou.sow71@gmail.com;+224 640 96 57 90;Conakry;Guinée;2023-12-07;Standard
C0204;Djénabou;Bah;F;42;djenabou.bah66@hotmail.com;+224 685 42 83 83;Mamou;Guinée;2024-06-13;Standard
C0205;Tiguidanké;Camara;F;56;tiguidanke.camara70@outlook.com;+224 660 72 53 62;Mamou;Guinée;2024-04-14;Standard
C0206;Sophie;Keita;F;51;sophie.keita93@hotmail.com;+224 682 17 79 79;Abidjan;Côte d'Ivoire;2023-07-15;Nouveau
C0207;Fanta;Bah;F;29;fanta.bah39@orange.gn;+224 678 18 72 67;Nzérékoré;Guinée;2023-09-25;Standard
C0208;Cheick;Bangoura;M;30;cheick.bangoura2@gmail.com;+224 692 21 66 31;Conakry;Guinée;2023-05-23;Nouveau
C0209;Alpha;Sow;M;39;alpha.sow41@orange.gn;+224 625 70 72 69;Mamou;Guinée;2023-02-02;Standard
C0210;Mabinty;Keita;F;48;mabinty.keita12@gmail.com;+224 634 59 84 83;Labé;Guinée;2024-08-23;Standard
C0211;François;Doumbouya;M;26;françois.doumbouya12@hotmail.com;+224 655 50 25 45;Kindia;Guinée;2024-04-01;Standard
C0212;Abdoulaye;Sow;M;31;abdoulaye.sow82@orange.gn;+224 677 34 61 61;Dakar;Sénégal;2024-05-25;Standard
C0213;Léa;Bah;F;47;lea.bah18@yahoo.fr;+224 631 31 44 57;Kankan;Guinée;2023-07-20;Premium
C0214;Léa;Camara;F;29;lea.camara58@outlook.com;+224 652 11 47 38;Kindia;Guinée;2025-01-15;Nouveau
C0215;Oumou;Condé;F;28;oumou.condé27@gmail.com;+224 658 37 35 53;Boké;Guinée;2023-11-13;Standard
C0216;Lamine;Doumbouya;M;58;lamine.doumbouya90@orange.gn;+224 662 70 46 47;Conakry;Guinée;2023-10-24;Premium
C0217;Djénabou;Diakité;F;28;djenabou.diakité61@gmail.com;+224 637 56 98 29;Nzérékoré;Guinée;2024-10-28;Premium
C0218;Djeneba;Sylla;F;41;djeneba.sylla11@hotmail.com;+224 643 60 89 53;Nzérékoré;Guinée;2023-03-13;Standard
C0219;Nènè;Fofana;F;29;nene.fofana10@gmail.com;+224 666 28 79 60;Conakry;Guinée;2024-04-28;Standard
C0220;Nathalie;Diallo;F;40;nathalie.diallo81@orange.gn;+224 648 16 12 90;Labé;Guinée;2023-04-06;Premium
C0221;Thierno;Diakité;M;41;thierno.diakité58@yahoo.fr;+224 641 36 44 76;Labé;Guinée;2023-12-03;Standard
C0222;Ibrahima;Condé;M;43;ibrahima.condé44@outlook.com;+224 698 14 76 85;Conakry;Guinée;2025-01-04;Standard
C0223;Boubacar;Doumbouya;M;31;boubacar.doumbouya44@orange.gn;+224 620 98 64 24;Kankan;Guinée;2023-01-01;Nouveau
C0224;Moussa;Cissé;M;38;moussa.cissé43@outlook.com;+224 691 40 43 46;Labé;Guinée;2023-08-27;Standard
C0225;Ramatoulaye;Baldé;F;56;ramatoulaye.baldé41@outlook.com;+224 699 91 34 87;Conakry;Guinée;2024-08-01;Nouveau
C0226;Fodé;Barry;M;30;fode.barry53@gmail.com;+224 644 98 81 66;Paris;France;2024-12-29;Standard
C0227;Fodé;Baldé;M;44;fode.baldé1@outlook.com;+224 683 76 62 16;Conakry;Guinée;2024-06-06;Standard
C0228;Pierre;Kanté;M;60;pierre.kanté52@gmail.com;+224 638 53 40 84;Kindia;Guinée;2024-04-29;Nouveau
C0229;Julien;Sow;M;38;julien.sow31@hotmail.com;+224 624 70 34 13;Mamou;Guinée;2024-12-08;Standard
C0230;Kerfala;Diakité;M;46;kerfala.diakité29@yahoo.fr;+224 673 45 45 51;Conakry;Guinée;2024-04-23;Standard
C0231;Binta;Traoré;F;53;binta.traoré2@outlook.com;+224 646 25 15 47;Abidjan;Côte d'Ivoire;2025-03-03;Standard
C0232;Lansana;Condé;M;23;lansana.condé88@yahoo.fr;+224 641 52 23 51;Nzérékoré;Guinée;2023-10-10;Standard
C0233;Souleymane;Sow;M;43;souleymane.sow95@outlook.com;+224 639 62 12 56;Mamou;Guinée;2024-04-02;Standard
C0234;Naby;Doumbouya;M;40;naby.doumbouya74@yahoo.fr;+224 686 38 30 85;Paris;France;2024-07-06;Standard
C0235;Fodé;Kouyaté;M;56;fode.kouyaté29@gmail.com;+224 677 53 73 13;Conakry;Guinée;2023-04-08;Nouveau
C0236;Mariama;Camara;F;56;mariama.camara62@hotmail.com;+224 658 44 67 86;Nzérékoré;Guinée;2024-01-23;Standard
C0237;Lansana;Traoré;M;55;lansana.traoré99@gmail.com;+224 679 68 65 17;Boké;Guinée;2024-11-12;Standard
C0238;Nènè;Sylla;F;42;nene.sylla91@orange.gn;+224 673 99 58 15;Kindia;Guinée;2023-11-18;Standard
C0239;Lamine;Cissé;M;35;lamine.cissé59@outlook.com;+224 632 52 46 73;Labé;Guinée;2025-02-02;Standard
C0240;Alpha;Soumah;M;36;alpha.soumah86@yahoo.fr;+224 674 95 59 97;Mamou;Guinée;2025-02-20;Nouveau
C0241;Omar;Keita;M;43;omar.keita72@gmail.com;+224 635 74 40 37;Kankan;Guinée;2023-04-08;Premium
C0242;Tidiane;Barry;M;37;tidiane.barry86@outlook.com;+224 693 24 57 37;Labé;Guinée;2023-01-08;Standard
C0243;Ramatoulaye;Doumbouya;F;19;ramatoulaye.doumbouya65@outlook.com;+224 653 98 94 35;Mamou;Guinée;2024-04-23;Nouveau
C0244;Fodé;Touré;M;48;fode.touré12@yahoo.fr;+224 683 97 30 57;Nzérékoré;Guinée;2023-12-26;Standard
C0245;Yarie;Traoré;F;25;yarie.traoré40@hotmail.com;+224 636 63 15 16;Labé;Guinée;2024-03-26;Nouveau
C0246;Ibrahima;Condé;M;42;ibrahima.condé57@orange.gn;+224 679 36 63 67;Nzérékoré;Guinée;2023-07-10;Standard
C0247;Nènè;Traoré;F;48;nene.traoré49@orange.gn;+224 681 35 19 64;Dakar;Sénégal;2023-03-16;Standard
C0248;Aboubacar;Doumbouya;M;35;aboubacar.doumbouya80@orange.gn;+224 646 70 82 98;Abidjan;Côte d'Ivoire;2023-02-01;Nouveau
C0249;Awa;Fofana;F;28;awa.fofana39@outlook.com;+224 699 11 15 42;Nzérékoré;Guinée;2023-05-20;Standard
C0250;Djeneba;Kanté;F;49;djeneba.kanté21@hotmail.com;+224 697 54 55 14;Conakry;Guinée;2024-07-17;Standard
C0251;Nènè;Bangoura;F;18;nene.bangoura45@yahoo.fr;+224 632 82 64 15;Kankan;Guinée;2023-06-02;Standard
C0252;Kerfala;Traoré;M;31;kerfala.traoré15@orange.gn;+224 625 47 70 16;Labé;Guinée;2023-12-23;Standard
C0253;Nathalie;Bah;F;33;nathalie.bah44@gmail.com;+224 652 86 95 83;Paris;France;2024-05-07;Standard
C0254;Souleymane;Condé;M;26;souleymane.condé90@yahoo.fr;+224 656 82 33 24;Abidjan;Côte d'Ivoire;2024-02-03;Standard
C0255;Fodé;Kanté;M;49;fode.kanté44@outlook.com;+224 693 96 26 80;Boké;Guinée;2023-11-01;Standard
C0256;Mabinty;Sow;F;26;mabinty.sow83@outlook.com;+224 623 90 42 39;Conakry;Guinée;2023-06-18;Nouveau
C0257;Lamine;Savané;M;45;lamine.savané35@yahoo.fr;+224 656 36 80 21;Mamou;Guinée;2023-02-14;Nouveau
C0258;Julien;Bah;M;52;julien.bah77@orange.gn;+224 663 59 75 22;Nzérékoré;Guinée;2023-07-17;Nouveau
C0259;Hadja;Bah;F;34;hadja.bah15@gmail.com;+224 650 51 33 46;Conakry;Guinée;2024-06-02;Standard
C0260;Sophie;Soumah;F;20;sophie.soumah6@yahoo.fr;+224 698 72 90 68;Conakry;Guinée;2023-12-27;Nouveau
C0261;Camille;Keita;F;52;camille.keita70@gmail.com;+224 624 98 19 11;Boké;Guinée;2024-05-10;Standard
C0262;Moussa;Soumah;M;20;moussa.soumah93@yahoo.fr;+224 627 65 57 44;Conakry;Guinée;2024-09-18;Nouveau
C0263;Isabelle;Kouyaté;F;26;isabelle.kouyaté64@hotmail.com;+224 640 78 72 92;Conakry;Guinée;2023-08-30;Nouveau
C0264;Ibrahima;Bangoura;M;33;ibrahima.bangoura9@hotmail.com;+224 634 77 80 22;Labé;Guinée;2023-07-26;Standard
C0265;Isabelle;Soumah;F;46;isabelle.soumah3@gmail.com;+224 631 30 20 33;Kindia;Guinée;2024-02-12;Nouveau
C0266;Paul;Diakité;M;45;paul.diakité19@gmail.com;+224 661 52 82 91;Nzérékoré;Guinée;2023-04-28;Nouveau
C0267;Paul;Sylla;M;26;paul.sylla3@hotmail.com;+224 626 21 42 62;Boké;Guinée;2023-12-05;Standard
C0268;Aissatou;Sylla;F;40;aissatou.sylla18@outlook.com;+224 693 21 35 95;Nzérékoré;Guinée;2024-12-17;Standard
C0269;Abdoulaye;Bangoura;M;42;abdoulaye.bangoura98@yahoo.fr;+224 625 36 31 53;Paris;France;2024-11-05;Nouveau
C0270;Jean;Sylla;M;24;jean.sylla96@yahoo.fr;+224 646 84 27 78;Mamou;Guinée;2024-01-20;Standard
C0271;Ibrahima;Condé;M;36;ibrahima.condé79@yahoo.fr;+224 656 48 30 25;Dakar;Sénégal;2025-02-03;Nouveau
C0272;Abdoulaye;Touré;M;48;abdoulaye.touré61@yahoo.fr;+224 633 11 80 41;Labé;Guinée;2025-01-17;Nouveau
C0273;Camille;Savané;F;55;camille.savané16@orange.gn;+224 661 34 16 86;Dakar;Sénégal;2024-02-12;Nouveau
C0274;Aminata;Camara;F;24;aminata.camara11@gmail.com;+224 672 75 72 98;Abidjan;Côte d'Ivoire;2025-02-28;Premium
C0275;Oumou;Barry;F;38;oumou.barry60@yahoo.fr;+224 633 64 24 19;Conakry;Guinée;2024-02-24;Nouveau
C0276;Julien;Camara;M;53;julien.camara37@outlook.com;+224 664 80 90 99;Nzérékoré;Guinée;2023-09-29;Nouveau
C0277;Sidy;Sow;M;21;sidy.sow25@outlook.com;+224 623 89 78 38;Mamou;Guinée;2024-06-17;Nouveau
C0278;Binta;Savané;F;57;binta.savané81@gmail.com;+224 695 10 72 13;Kankan;Guinée;2023-03-07;Premium
C0279;Léa;Kanté;F;55;lea.kanté84@yahoo.fr;+224 624 47 13 46;Kankan;Guinée;2024-08-15;Nouveau
C0280;Naby;Diallo;M;61;naby.diallo44@gmail.com;+224 628 82 23 84;Labé;Guinée;2023-08-27;Nouveau
C0281;Aminata;Barry;F;33;aminata.barry38@hotmail.com;+224 687 45 29 10;Conakry;Guinée;2024-10-19;Nouveau
C0282;Mariama;Cissé;F;36;mariama.cissé47@yahoo.fr;+224 658 84 70 68;Nzérékoré;Guinée;2023-04-12;Premium
C0283;Boubacar;Diakité;M;42;boubacar.diakité88@gmail.com;+224 627 24 22 12;Labé;Guinée;2023-05-30;Standard
C0284;Marie;Touré;F;49;marie.touré97@gmail.com;+224 634 54 98 37;Conakry;Guinée;2023-01-13;Standard
C0285;Mamadou;Camara;M;26;mamadou.camara16@hotmail.com;+224 641 26 48 50;Mamou;Guinée;2024-05-05;Nouveau
C0286;Hawa;Barry;F;41;hawa.barry73@yahoo.fr;+224 631 34 21 35;Kankan;Guinée;2023-05-25;Standard
C0287;Mamadou;Sylla;M;35;mamadou.sylla35@gmail.com;+224 691 24 76 64;Nzérékoré;Guinée;2025-01-21;Standard
C0288;Souleymane;Barry;M;43;souleymane.barry16@yahoo.fr;+224 642 44 87 58;Nzérékoré;Guinée;2025-02-26;Standard
C0289;Ramatoulaye;Kouyaté;F;55;ramatoulaye.kouyaté81@gmail.com;+224 678 82 45 64;Dakar;Sénégal;2024-01-04;Standard
C0290;Abdoulaye;Barry;M;47;abdoulaye.barry90@outlook.com;+224 682 51 56 97;Mamou;Guinée;2023-05-12;Premium
C0291;Ibrahima;Kanté;M;20;ibrahima.kanté38@outlook.com;+224 654 83 38 52;Kindia;Guinée;2023-08-08;Standard
C0292;Marie;Barry;F;47;marie.barry26@orange.gn;+224 654 45 12 56;Mamou;Guinée;2024-03-31;Premium
C0293;Naby;Camara;M;54;naby.camara35@gmail.com;+224 624 34 44 14;Labé;Guinée;2024-02-18;Standard
C0294;Amadou;Sylla;M;59;amadou.sylla68@outlook.com;+224 675 90 89 17;Boké;Guinée;2023-01-28;Standard
C0295;Isabelle;Touré;F;41;isabelle.touré56@yahoo.fr;+224 672 74 53 94;Kankan;Guinée;2023-10-25;Nouveau
C0296;Abdoulaye;Soumah;M;41;abdoulaye.soumah55@gmail.com;+224 672 68 58 53;Conakry;Guinée;2023-04-19;Premium
C0297;Cheick;Sow;M;46;cheick.sow29@yahoo.fr;+224 674 83 94 86;Conakry;Guinée;2023-02-25;Standard
C0298;Fanta;Doumbouya;F;37;fanta.doumbouya18@yahoo.fr;+224 680 64 76 52;Nzérékoré;Guinée;2024-07-18;Nouveau
C0299;Thierno;Sylla;M;39;thierno.sylla51@gmail.com;+224 646 42 85 63;Mamou;Guinée;2024-01-07;Nouveau
C0300;Lamine;Condé;M;49;lamine.condé94@orange.gn;+224 669 96 19 40;Kindia;Guinée;2023-06-05;Premium
C0301;Djeneba;Kouyaté;F;20;djeneba.kouyaté22@outlook.com;+224 699 25 79 75;Conakry;Guinée;2023-09-27;Standard
C0302;Marie;Condé;F;61;marie.condé18@orange.gn;+224 662 34 87 52;Paris;France;2025-01-29;Standard
C0303;Lamine;Condé;M;42;lamine.condé97@yahoo.fr;+224 633 16 88 53;Conakry;Guinée;2024-09-30;Premium
C0304;Fodé;Savané;M;26;fode.savané63@outlook.com;+224 638 20 62 30;Conakry;Guinée;2024-04-10;Premium
C0305;Yarie;Traoré;F;32;yarie.traoré28@orange.gn;+224 694 83 96 89;Conakry;Guinée;2023-10-15;Standard
C0306;Marie;Bangoura;F;44;marie.bangoura5@outlook.com;+224 661 45 80 85;Abidjan;Côte d'Ivoire;2023-06-05;Standard
C0307;Oumou;Sylla;F;32;oumou.sylla94@orange.gn;+224 669 22 62 96;Conakry;Guinée;2024-10-11;Nouveau
C0308;Coumba;Savané;F;42;coumba.savané94@orange.gn;+224 660 11 68 19;Nzérékoré;Guinée;2023-11-04;Standard
C0309;François;Keita;M;33;françois.keita70@hotmail.com;+224 649 61 68 79;Dakar;Sénégal;2024-02-02;Nouveau
C0310;Cheick;Keita;M;47;cheick.keita83@outlook.com;+224 692 65 49 75;Conakry;Guinée;2023-09-03;Standard
C0311;Aurélie;Doumbouya;F;61;aurelie.doumbouya71@gmail.com;+224 637 13 64 94;Conakry;Guinée;2024-06-03;Standard
C0312;Aissatou;Camara;F;18;aissatou.camara89@yahoo.fr;+224 654 82 13 15;Conakry;Guinée;2023-12-02;Standard
C0313;Sékou;Sylla;M;33;sekou.sylla84@orange.gn;+224 642 46 21 11;Dakar;Sénégal;2023-01-30;Standard
C0314;Mariama;Sow;F;36;mariama.sow37@orange.gn;+224 669 12 72 20;Mamou;Guinée;2023-10-30;Nouveau
C0315;Oumou;Diakité;F;50;oumou.diakité29@gmail.com;+224 686 45 56 41;Mamou;Guinée;2025-02-28;Nouveau
C0316;Sékou;Sow;M;18;sekou.sow44@outlook.com;+224 658 20 90 33;Kindia;Guinée;2023-06-06;Premium
C0317;Lansana;Keita;M;41;lansana.keita36@outlook.com;+224 688 84 29 11;Conakry;Guinée;2023-11-23;Standard
C0318;Sékou;Traoré;M;49;sekou.traoré81@gmail.com;+224 629 25 27 50;Boké;Guinée;2024-09-01;Premium
C0319;Léa;Kanté;F;47;lea.kanté88@orange.gn;+224 653 74 58 43;Dakar;Sénégal;2024-10-17;Premium
C0320;Léa;Camara;F;44;lea.camara34@gmail.com;+224 674 76 57 87;Boké;Guinée;2024-07-21;Standard
C0321;Boubacar;Barry;M;35;boubacar.barry80@orange.gn;+224 630 86 72 84;Mamou;Guinée;2024-06-10;Standard
C0322;Mamadou;Baldé;M;44;mamadou.baldé77@orange.gn;+224 671 52 79 49;Kankan;Guinée;2023-11-30;Nouveau
C0323;Aissatou;Savané;F;49;aissatou.savané33@orange.gn;+224 633 35 28 69;Labé;Guinée;2023-07-23;Standard
C0324;Fanta;Kanté;F;28;fanta.kanté52@yahoo.fr;+224 654 68 61 93;Conakry;Guinée;2024-09-21;Standard
C0325;Fatoumata;Bangoura;F;59;fatoumata.bangoura34@orange.gn;+224 672 20 97 33;Conakry;Guinée;2023-04-29;Standard
C0326;Aliou;Cissé;M;33;aliou.cissé91@orange.gn;+224 624 37 33 73;Kankan;Guinée;2024-06-18;Premium
C0327;Sékou;Camara;M;20;sekou.camara95@yahoo.fr;+224 683 20 84 28;Dakar;Sénégal;2023-08-30;Standard
C0328;Élise;Touré;F;28;elise.touré67@orange.gn;+224 670 91 90 77;Abidjan;Côte d'Ivoire;2024-09-20;Standard
C0329;Boubacar;Diakité;M;26;boubacar.diakité62@gmail.com;+224 666 72 50 51;Kankan;Guinée;2025-01-11;Standard
C0330;Lamine;Fofana;M;39;lamine.fofana64@yahoo.fr;+224 699 32 82 28;Paris;France;2023-01-03;Standard
C0331;Abdoulaye;Soumah;M;49;abdoulaye.soumah98@orange.gn;+224 626 55 72 43;Conakry;Guinée;2023-02-10;Nouveau
C0332;Isabelle;Camara;F;44;isabelle.camara54@orange.gn;+224 645 25 44 85;Dakar;Sénégal;2024-11-10;Standard
C0333;Fatoumata;Fofana;F;34;fatoumata.fofana23@yahoo.fr;+224 623 46 12 51;Kindia;Guinée;2024-11-22;Standard
C0334;Ramatoulaye;Touré;F;57;ramatoulaye.touré69@outlook.com;+224 673 36 20 31;Labé;Guinée;2023-06-22;Premium
C0335;Fodé;Kouyaté;M;29;fode.kouyaté23@hotmail.com;+224 626 21 20 72;Dakar;Sénégal;2024-03-11;Standard
C0336;Oumou;Traoré;F;24;oumou.traoré90@yahoo.fr;+224 698 30 57 72;Labé;Guinée;2023-06-23;Standard
C0337;Fodé;Touré;M;29;fode.touré65@outlook.com;+224 632 53 51 43;Nzérékoré;Guinée;2023-04-06;Standard
C0338;Fatoumata;Kanté;F;59;fatoumata.kanté20@yahoo.fr;+224 640 35 33 98;Conakry;Guinée;2024-11-14;Standard
C0339;Marie;Diallo;F;34;marie.diallo95@outlook.com;+224 659 29 51 41;Labé;Guinée;2023-08-14;Premium
C0340;Mamadou;Camara;M;37;mamadou.camara14@yahoo.fr;+224 694 44 37 30;Paris;France;2024-10-23;Standard
C0341;Oumou;Sow;F;39;oumou.sow84@yahoo.fr;+224 687 28 36 90;Nzérékoré;Guinée;2023-07-17;Nouveau
C0342;Naby;Touré;M;48;naby.touré65@outlook.com;+224 626 20 32 32;Mamou;Guinée;2023-11-04;Standard
C0343;Amadou;Doumbouya;M;55;amadou.doumbouya7@hotmail.com;+224 647 12 42 65;Kankan;Guinée;2024-07-20;Nouveau
C0344;Hadja;Touré;F;20;hadja.touré25@outlook.com;+224 693 11 79 53;Dakar;Sénégal;2025-02-13;Standard
C0345;Camille;Savané;F;52;camille.savané46@outlook.com;+224 651 37 78 90;Conakry;Guinée;2023-11-10;Standard
C0346;Naby;Keita;M;45;naby.keita40@gmail.com;+224 647 32 11 66;Conakry;Guinée;2023-11-16;Standard
C0347;Souleymane;Bangoura;M;21;souleymane.bangoura68@orange.gn;+224 692 99 62 21;Nzérékoré;Guinée;2023-10-30;Standard
C0348;Mariama;Bangoura;F;57;mariama.bangoura49@gmail.com;+224 672 57 45 27;Conakry;Guinée;2023-10-18;Standard
C0349;Paul;Kouyaté;M;40;paul.kouyaté14@hotmail.com;+224 632 66 51 83;Kindia;Guinée;2023-09-04;Premium
C0350;Mariama;Traoré;F;28;mariama.traoré29@yahoo.fr;+224 632 18 23 43;Conakry;Guinée;2023-03-29;Standard
C0351;Tiguidanké;Sow;F;54;tiguidanke.sow77@hotmail.com;+224 632 78 18 65;Paris;France;2025-02-09;Standard
C0352;Boubacar;Diallo;M;43;boubacar.diallo33@yahoo.fr;+224 641 85 99 75;Boké;Guinée;2024-09-18;Standard
C0353;Claire;Sow;F;33;claire.sow1@outlook.com;+224 621 11 58 29;Abidjan;Côte d'Ivoire;2024-05-11;Nouveau
C0354;Abdoulaye;Soumah;M;24;abdoulaye.soumah13@yahoo.fr;+224 650 29 91 54;Dakar;Sénégal;2023-11-14;Nouveau
C0355;François;Kouyaté;M;33;françois.kouyaté20@hotmail.com;+224 651 34 61 81;Boké;Guinée;2024-11-02;Nouveau
C0356;Yarie;Keita;F;21;yarie.keita52@gmail.com;+224 651 49 30 12;Boké;Guinée;2024-04-27;Standard
C0357;Catherine;Savané;F;25;catherine.savané49@outlook.com;+224 661 73 26 74;Kankan;Guinée;2024-11-12;Standard
C0358;Léa;Diakité;F;45;lea.diakité64@hotmail.com;+224 668 39 45 43;Abidjan;Côte d'Ivoire;2024-10-23;Standard
C0359;Mamadou;Condé;M;31;mamadou.condé29@outlook.com;+224 629 92 79 92;Paris;France;2024-08-06;Nouveau
C0360;Julien;Baldé;M;36;julien.baldé33@outlook.com;+224 645 35 32 84;Kankan;Guinée;2024-03-09;Standard
C0361;François;Diallo;M;21;françois.diallo76@outlook.com;+224 635 73 41 55;Kindia;Guinée;2023-09-25;Nouveau
C0362;Mamadou;Kouyaté;M;19;mamadou.kouyaté84@yahoo.fr;+224 669 31 72 10;Conakry;Guinée;2023-03-07;Nouveau
C0363;Paul;Keita;M;22;paul.keita97@orange.gn;+224 674 63 87 49;Nzérékoré;Guinée;2025-02-03;Premium
C0364;Élise;Soumah;F;59;elise.soumah53@yahoo.fr;+224 663 49 85 33;Paris;France;2025-02-20;Standard
C0365;Naby;Kanté;M;28;naby.kanté85@outlook.com;+224 658 70 70 22;Nzérékoré;Guinée;2023-04-19;Nouveau
C0366;Jean;Kouyaté;M;37;jean.kouyaté20@yahoo.fr;+224 634 14 30 26;Abidjan;Côte d'Ivoire;2024-02-07;Nouveau
C0367;Catherine;Kanté;F;51;catherine.kanté45@gmail.com;+224 623 76 78 27;Boké;Guinée;2024-08-14;Standard
C0368;Lamine;Sow;M;34;lamine.sow70@orange.gn;+224 650 96 50 47;Dakar;Sénégal;2024-11-25;Standard
C0369;Nathalie;Baldé;F;39;nathalie.baldé26@yahoo.fr;+224 652 40 65 38;Conakry;Guinée;2024-05-31;Premium
C0370;Tiguidanké;Kouyaté;F;59;tiguidanke.kouyaté81@orange.gn;+224 652 31 45 85;Nzérékoré;Guinée;2024-11-20;Premium
C0371;François;Kanté;M;57;françois.kanté90@hotmail.com;+224 648 96 72 95;Conakry;Guinée;2023-01-06;Standard
C0372;Fodé;Sylla;M;60;fode.sylla19@outlook.com;+224 669 42 86 38;Dakar;Sénégal;2023-11-08;Standard
C0373;Sophie;Baldé;F;44;sophie.baldé1@hotmail.com;+224 646 35 66 42;Abidjan;Côte d'Ivoire;2023-07-08;Standard
C0374;Lamine;Traoré;M;26;lamine.traoré29@yahoo.fr;+224 663 80 35 79;Conakry;Guinée;2024-09-19;Nouveau
C0375;Tidiane;Sow;M;34;tidiane.sow84@yahoo.fr;+224 685 64 44 97;Kindia;Guinée;2024-06-30;Standard
C0376;Lamine;Kanté;M;37;lamine.kanté75@orange.gn;+224 681 39 41 81;Dakar;Sénégal;2023-07-07;Standard
C0377;Hadja;Diallo;F;27;hadja.diallo22@gmail.com;+224 624 97 29 87;Conakry;Guinée;2024-09-18;Standard
C0378;Mohamed;Keita;M;51;mohamed.keita7@outlook.com;+224 641 21 11 34;Mamou;Guinée;2024-01-16;Standard
C0379;Hawa;Kouyaté;F;55;hawa.kouyaté19@hotmail.com;+224 628 13 15 94;Kindia;Guinée;2024-12-09;Premium
C0380;Kadiatou;Sow;F;36;kadiatou.sow53@orange.gn;+224 644 55 94 15;Boké;Guinée;2024-11-22;Standard
C0381;Aissatou;Doumbouya;F;27;aissatou.doumbouya17@outlook.com;+224 623 63 79 63;Mamou;Guinée;2023-12-23;Standard
C0382;Boubacar;Kouyaté;M;52;boubacar.kouyaté43@yahoo.fr;+224 690 20 11 56;Kankan;Guinée;2023-09-25;Standard
C0383;Alpha;Keita;M;49;alpha.keita32@gmail.com;+224 647 63 28 47;Conakry;Guinée;2023-02-16;Standard
C0384;Moussa;Kouyaté;M;42;moussa.kouyaté4@yahoo.fr;+224 626 81 97 55;Dakar;Sénégal;2025-02-25;Standard
C0385;Alpha;Cissé;M;41;alpha.cissé70@orange.gn;+224 680 10 29 79;Labé;Guinée;2024-05-25;Standard
C0386;Sékou;Bah;M;27;sekou.bah35@orange.gn;+224 647 48 16 90;Kindia;Guinée;2025-02-16;Standard
C0387;Thierno;Sylla;M;24;thierno.sylla35@hotmail.com;+224 685 33 66 74;Kankan;Guinée;2023-12-19;Standard
C0388;Sophie;Keita;F;41;sophie.keita57@yahoo.fr;+224 681 43 12 95;Conakry;Guinée;2023-08-26;Premium
C0389;Mariama;Fofana;F;58;mariama.fofana8@hotmail.com;+224 655 22 21 35;Kankan;Guinée;2023-10-22;Standard
C0390;Aissatou;Sow;F;58;aissatou.sow2@gmail.com;+224 683 90 19 49;Conakry;Guinée;2023-11-20;Premium
C0391;Nathalie;Sow;F;60;nathalie.sow94@gmail.com;+224 631 43 43 83;Paris;France;2024-08-04;Standard
C0392;Sophie;Sylla;F;60;sophie.sylla53@orange.gn;+224 653 25 63 79;Abidjan;Côte d'Ivoire;2025-03-08;Nouveau
C0393;Mariama;Kanté;F;55;mariama.kanté56@outlook.com;+224 690 90 79 28;Kindia;Guinée;2025-02-13;Standard
C0394;Hadja;Fofana;F;40;hadja.fofana38@hotmail.com;+224 627 30 65 52;Dakar;Sénégal;2024-06-27;Standard
C0395;Sékou;Sow;M;24;sekou.sow47@hotmail.com;+224 669 17 45 87;Abidjan;Côte d'Ivoire;2024-01-15;Standard
C0396;David;Kouyaté;M;40;david.kouyaté45@gmail.com;+224 693 90 97 70;Mamou;Guinée;2023-05-04;Standard
C0397;Hadja;Kouyaté;F;51;hadja.kouyaté88@orange.gn;+224 648 28 29 63;Mamou;Guinée;2023-12-22;Standard
C0398;Kadiatou;Kanté;F;40;kadiatou.kanté68@outlook.com;+224 680 31 38 74;Kindia;Guinée;2023-01-27;Standard
C0399;Omar;Baldé;M;32;omar.baldé28@gmail.com;+224 636 55 52 97;Labé;Guinée;2023-11-13;Nouveau
C0400;Amadou;Sylla;M;54;amadou.sylla64@hotmail.com;+224 694 67 58 53;Conakry;Guinée;2024-05-23;Standard
C0401;Mabinty;Baldé;F;47;mabinty.baldé22@yahoo.fr;+224 665 65 68 27;Kankan;Guinée;2024-12-19;Premium
C0402;Coumba;Kouyaté;F;22;coumba.kouyaté48@gmail.com;+224 639 84 85 34;Conakry;Guinée;2023-05-13;Nouveau
C0403;Tidiane;Sow;M;46;tidiane.sow49@orange.gn;+224 677 46 56 99;Conakry;Guinée;2024-05-08;Nouveau
C0404;Aurélie;Diallo;F;23;aurelie.diallo45@yahoo.fr;+224 694 71 58 87;Conakry;Guinée;2024-06-25;Nouveau
C0405;François;Camara;M;23;françois.camara9@yahoo.fr;+224 679 86 85 36;Dakar;Sénégal;2024-10-08;Premium
C0406;Binta;Camara;F;31;binta.camara48@hotmail.com;+224 633 70 78 63;Conakry;Guinée;2023-02-11;Standard
C0407;Kadiatou;Barry;F;42;kadiatou.barry24@yahoo.fr;+224 651 46 50 53;Conakry;Guinée;2024-03-15;Premium
C0408;Pierre;Cissé;M;20;pierre.cissé4@yahoo.fr;+224 651 27 52 70;Conakry;Guinée;2023-07-16;Premium
C0409;Aurélie;Keita;F;48;aurelie.keita3@hotmail.com;+224 690 70 33 75;Conakry;Guinée;2023-09-14;Premium
C0410;Isabelle;Cissé;F;31;isabelle.cissé63@yahoo.fr;+224 650 20 29 19;Conakry;Guinée;2024-08-23;Standard
C0411;Ousmane;Soumah;M;18;ousmane.soumah46@hotmail.com;+224 671 56 65 76;Kankan;Guinée;2023-10-16;Standard
C0412;Oumou;Kouyaté;F;58;oumou.kouyaté62@hotmail.com;+224 685 13 54 68;Conakry;Guinée;2024-01-27;Standard
C0413;Kadiatou;Kanté;F;21;kadiatou.kanté40@orange.gn;+224 693 68 65 96;Conakry;Guinée;2023-07-22;Premium
C0414;Nathalie;Fofana;F;40;nathalie.fofana61@outlook.com;+224 623 69 51 66;Conakry;Guinée;2023-04-08;Standard
C0415;Élise;Sylla;F;30;elise.sylla53@hotmail.com;+224 679 42 52 36;Kankan;Guinée;2025-02-03;Standard
C0416;Léa;Condé;F;26;lea.condé40@hotmail.com;+224 641 76 18 66;Boké;Guinée;2023-02-10;Standard
C0417;Alpha;Savané;M;60;alpha.savané20@outlook.com;+224 668 35 68 65;Dakar;Sénégal;2024-05-18;Nouveau
C0418;Fodé;Doumbouya;M;38;fode.doumbouya3@outlook.com;+224 641 71 70 28;Abidjan;Côte d'Ivoire;2023-08-09;Premium
C0419;Moussa;Traoré;M;35;moussa.traoré2@yahoo.fr;+224 662 21 73 95;Paris;France;2023-04-11;Premium
C0420;Aliou;Baldé;M;50;aliou.baldé66@yahoo.fr;+224 622 79 11 19;Nzérékoré;Guinée;2023-08-30;Standard
C0421;Paul;Sylla;M;20;paul.sylla56@outlook.com;+224 651 97 13 81;Labé;Guinée;2023-01-08;Premium
C0422;Naby;Doumbouya;M;36;naby.doumbouya16@gmail.com;+224 666 28 61 40;Nzérékoré;Guinée;2023-05-19;Nouveau
C0423;Aurélie;Condé;F;33;aurelie.condé99@orange.gn;+224 627 61 84 79;Paris;France;2023-04-20;Standard
C0424;Lansana;Touré;M;35;lansana.touré5@hotmail.com;+224 632 66 63 63;Mamou;Guinée;2023-05-22;Standard
C0425;Hadja;Baldé;F;20;hadja.baldé13@hotmail.com;+224 671 44 19 21;Dakar;Sénégal;2024-03-09;Nouveau
C0426;Léa;Diakité;F;62;lea.diakité13@gmail.com;+224 666 55 95 22;Kindia;Guinée;2025-01-11;Premium
C0427;Aminata;Fofana;F;44;aminata.fofana98@yahoo.fr;+224 648 79 91 72;Kankan;Guinée;2023-12-03;Nouveau
C0428;Aminata;Sylla;F;18;aminata.sylla57@hotmail.com;+224 680 26 81 75;Dakar;Sénégal;2024-04-28;Standard
C0429;Souleymane;Condé;M;39;souleymane.condé33@outlook.com;+224 654 68 23 97;Conakry;Guinée;2023-09-10;Premium
C0430;Amadou;Baldé;M;46;amadou.baldé49@gmail.com;+224 676 98 35 54;Paris;France;2023-09-02;Nouveau
C0431;Ousmane;Sylla;M;51;ousmane.sylla91@orange.gn;+224 646 36 40 26;Conakry;Guinée;2023-02-16;Standard
C0432;Tiguidanké;Kouyaté;F;48;tiguidanke.kouyaté36@outlook.com;+224 625 22 79 71;Conakry;Guinée;2024-10-25;Standard
C0433;Hawa;Kouyaté;F;28;hawa.kouyaté77@outlook.com;+224 626 12 93 89;Conakry;Guinée;2024-12-15;Standard
C0434;Paul;Touré;M;53;paul.touré80@orange.gn;+224 685 69 65 68;Paris;France;2025-01-13;Standard
C0435;Mariama;Traoré;F;22;mariama.traoré36@orange.gn;+224 679 94 98 26;Conakry;Guinée;2024-02-05;Standard
C0436;Saran;Diallo;F;40;saran.diallo19@outlook.com;+224 675 53 67 12;Conakry;Guinée;2024-09-13;Standard
C0437;Aboubacar;Sow;M;37;aboubacar.sow94@gmail.com;+224 662 36 92 68;Paris;France;2025-03-07;Standard
C0438;Lansana;Bah;M;29;lansana.bah96@orange.gn;+224 650 33 13 73;Conakry;Guinée;2023-09-07;Premium
C0439;Cheick;Diakité;M;58;cheick.diakité60@yahoo.fr;+224 674 65 13 35;Kankan;Guinée;2023-09-24;Standard
C0440;Souleymane;Diallo;M;18;souleymane.diallo82@gmail.com;+224 693 39 26 50;Boké;Guinée;2023-09-15;Nouveau
C0441;Lansana;Sow;M;23;lansana.sow33@hotmail.com;+224 686 39 89 47;Boké;Guinée;2025-02-18;Premium
C0442;Isabelle;Diakité;F;46;isabelle.diakité74@outlook.com;+224 698 37 96 53;Mamou;Guinée;2024-01-27;Premium
C0443;Aliou;Bah;M;60;aliou.bah86@gmail.com;+224 623 90 75 84;Nzérékoré;Guinée;2024-11-29;Standard
C0444;Coumba;Camara;F;39;coumba.camara47@hotmail.com;+224 625 55 32 29;Conakry;Guinée;2024-06-25;Standard
C0445;Djeneba;Barry;F;20;djeneba.barry53@outlook.com;+224 652 87 52 48;Kankan;Guinée;2023-06-06;Nouveau
C0446;Thierno;Savané;M;18;thierno.savané33@orange.gn;+224 647 16 41 34;Labé;Guinée;2023-12-11;Premium
C0447;Pierre;Condé;M;31;pierre.condé56@hotmail.com;+224 698 67 57 69;Boké;Guinée;2023-06-30;Standard
C0448;Fodé;Fofana;M;25;fode.fofana18@yahoo.fr;+224 665 29 25 72;Paris;France;2023-04-30;Premium
C0449;Sophie;Diakité;F;34;sophie.diakité82@orange.gn;+224 652 82 23 52;Abidjan;Côte d'Ivoire;2023-11-09;Standard
C0450;Saran;Bah;F;53;saran.bah28@hotmail.com;+224 663 65 68 80;Labé;Guinée;2024-09-27;Standard
C0451;Youssouf;Bangoura;M;48;youssouf.bangoura4@hotmail.com;+224 633 75 15 21;Paris;France;2023-10-14;Premium
C0452;Kerfala;Touré;M;25;kerfala.touré87@gmail.com;+224 659 95 27 41;Conakry;Guinée;2023-10-18;Standard
C0453;Kadiatou;Diakité;F;37;kadiatou.diakité59@gmail.com;+224 663 36 33 40;Paris;France;2023-11-07;Standard
C0454;Hawa;Keita;F;35;hawa.keita41@hotmail.com;+224 684 65 98 17;Mamou;Guinée;2023-11-07;Standard
C0455;Claire;Condé;F;47;claire.condé13@orange.gn;+224 657 37 90 75;Dakar;Sénégal;2023-06-13;Nouveau
C0456;Aliou;Barry;M;44;aliou.barry57@yahoo.fr;+224 635 46 93 84;Boké;Guinée;2023-04-22;Standard
C0457;Awa;Barry;F;59;awa.barry75@yahoo.fr;+224 632 92 24 33;Mamou;Guinée;2025-01-02;Nouveau
C0458;Jean;Touré;M;57;jean.touré91@gmail.com;+224 631 30 53 79;Boké;Guinée;2023-02-22;Nouveau
C0459;Thierno;Kanté;M;38;thierno.kanté87@gmail.com;+224 685 53 60 30;Boké;Guinée;2023-03-08;Standard
C0460;Ramatoulaye;Kouyaté;F;62;ramatoulaye.kouyaté89@gmail.com;+224 643 24 18 83;Paris;France;2025-01-07;Standard
C0461;Saran;Traoré;F;32;saran.traoré41@outlook.com;+224 667 59 53 81;Abidjan;Côte d'Ivoire;2025-01-09;Standard
C0462;Awa;Barry;F;39;awa.barry36@orange.gn;+224 673 83 26 99;Conakry;Guinée;2023-11-23;Standard
C0463;Sophie;Kouyaté;F;28;sophie.kouyaté33@hotmail.com;+224 663 54 40 22;Kindia;Guinée;2023-04-23;Standard
C0464;Aissatou;Sylla;F;23;aissatou.sylla81@gmail.com;+224 674 25 56 82;Conakry;Guinée;2023-07-30;Standard
C0465;Alpha;Kanté;M;54;alpha.kanté35@gmail.com;+224 644 46 14 21;Nzérékoré;Guinée;2024-11-28;Standard
C0466;Fatoumata;Baldé;F;23;fatoumata.baldé54@outlook.com;+224 692 80 40 52;Conakry;Guinée;2023-03-08;Standard
C0467;Fatoumata;Sylla;F;54;fatoumata.sylla17@outlook.com;+224 670 93 50 44;Labé;Guinée;2025-02-05;Nouveau
C0468;Marie;Bangoura;F;62;marie.bangoura99@yahoo.fr;+224 650 55 55 78;Mamou;Guinée;2024-03-07;Standard
C0469;Mohamed;Camara;M;20;mohamed.camara41@outlook.com;+224 680 42 31 38;Abidjan;Côte d'Ivoire;2023-12-22;Nouveau
C0470;Aliou;Diakité;M;24;aliou.diakité34@yahoo.fr;+224 630 86 13 55;Mamou;Guinée;2023-02-28;Nouveau
C0471;Kadiatou;Cissé;F;34;kadiatou.cissé67@outlook.com;+224 687 67 23 93;Abidjan;Côte d'Ivoire;2023-07-31;Standard
C0472;Léa;Diakité;F;56;lea.diakité30@gmail.com;+224 636 90 25 64;Conakry;Guinée;2024-05-05;Standard
C0473;Coumba;Diakité;F;40;coumba.diakité71@gmail.com;+224 627 28 47 96;Conakry;Guinée;2023-05-24;Standard
C0474;Thierno;Keita;M;58;thierno.keita34@outlook.com;+224 655 14 69 42;Conakry;Guinée;2023-08-11;Standard
C0475;Youssouf;Savané;M;35;youssouf.savané76@orange.gn;+224 638 73 79 89;Kindia;Guinée;2024-06-10;Nouveau
C0476;Amadou;Sylla;M;61;amadou.sylla8@outlook.com;+224 692 67 99 89;Conakry;Guinée;2023-04-18;Standard
C0477;Aliou;Cissé;M;42;aliou.cissé58@gmail.com;+224 620 37 44 99;Kindia;Guinée;2024-01-03;Nouveau
C0478;Catherine;Camara;F;20;catherine.camara17@outlook.com;+224 621 24 96 21;Abidjan;Côte d'Ivoire;2024-05-02;Nouveau
C0479;François;Traoré;M;23;françois.traoré57@yahoo.fr;+224 642 23 36 82;Kindia;Guinée;2024-09-26;Standard
C0480;Jean;Touré;M;39;jean.touré4@hotmail.com;+224 635 71 19 81;Mamou;Guinée;2023-10-03;Standard
C0481;David;Cissé;M;62;david.cissé38@orange.gn;+224 676 47 54 84;Conakry;Guinée;2023-02-26;Nouveau
C0482;Mariama;Diakité;F;20;mariama.diakité11@orange.gn;+224 631 78 92 72;Conakry;Guinée;2024-07-04;Premium
C0483;Moussa;Diakité;M;37;moussa.diakité86@outlook.com;+224 628 40 97 82;Labé;Guinée;2023-07-21;Standard
C0484;Sophie;Baldé;F;57;sophie.baldé39@yahoo.fr;+224 668 56 78 89;Nzérékoré;Guinée;2025-02-13;Standard
C0485;Sékou;Touré;M;42;sekou.touré87@yahoo.fr;+224 620 87 59 35;Kankan;Guinée;2023-04-19;Standard
C0486;Mabinty;Kouyaté;F;20;mabinty.kouyaté73@gmail.com;+224 677 33 85 60;Conakry;Guinée;2024-12-27;Premium
C0487;Fodé;Baldé;M;61;fode.baldé95@orange.gn;+224 673 16 66 11;Dakar;Sénégal;2023-12-22;Standard
C0488;David;Keita;M;61;david.keita69@gmail.com;+224 690 41 53 32;Dakar;Sénégal;2024-09-12;Premium
C0489;Hadja;Diakité;F;31;hadja.diakité80@outlook.com;+224 652 16 25 67;Labé;Guinée;2024-03-11;Premium
C0490;Mabinty;Condé;F;38;mabinty.condé15@outlook.com;+224 638 52 18 92;Dakar;Sénégal;2024-09-13;Premium
C0491;Hawa;Cissé;F;52;hawa.cissé91@outlook.com;+224 645 37 89 69;Dakar;Sénégal;2023-03-05;Standard
C0492;Amadou;Fofana;M;52;amadou.fofana39@hotmail.com;+224 640 33 10 92;Boké;Guinée;2023-08-31;Standard
C0493;Julien;Kouyaté;M;61;julien.kouyaté83@gmail.com;+224 676 38 74 98;Kankan;Guinée;2025-03-05;Standard
C0494;Nènè;Touré;F;45;nene.touré38@gmail.com;+224 633 76 76 61;Kankan;Guinée;2023-06-24;Standard
C0495;Aboubacar;Diallo;M;24;aboubacar.diallo59@yahoo.fr;+224 631 78 57 31;Conakry;Guinée;2024-02-24;Standard
C0496;Boubacar;Diakité;M;44;boubacar.diakité15@gmail.com;+224 688 50 75 14;Mamou;Guinée;2024-01-06;Nouveau
C0497;Oumou;Diallo;F;52;oumou.diallo47@gmail.com;+224 699 18 46 44;Kankan;Guinée;2025-01-30;Standard
C0498;Djénabou;Diallo;F;19;djenabou.diallo3@orange.gn;+224 674 29 16 27;Conakry;Guinée;2024-12-10;Nouveau
C0499;Thierno;Sylla;M;27;thierno.sylla73@yahoo.fr;+224 626 98 20 12;Kankan;Guinée;2024-03-01;Standard
C0500;Camille;Sow;F;53;camille.sow85@orange.gn;+224 661 33 75 70;Dakar;Sénégal;2024-10-28;Nouveau
